,mean R2,std
log,0.8148619833694571,0.04516565881528079
inv,0.17283378719525377,0.1002049183051102
exp,0.9937811278398095,0.002196849049847023
