,mean R2,std
log,0.8196411885461324,0.044123465343564226
inv,0.184876275839748,0.11033777684472204
exp,0.9934234763807045,0.002534247279324589
