,mean R2,std
log,0.9477583317780965,0.013657215144563115
inv,0.4733388053273084,0.11581685505501044
exp,0.9983378849415411,0.0006561584631708475
