,mean R2,std
log,0.9977396561593252,0.0005432256693965961
inv,0.9575905849977806,0.010690724650560974
exp,0.999933307928631,2.6022621558241754e-05
