,mean R2,std
log,0.9977308912615631,0.0005323883856878607
inv,0.9977207369264031,0.0006667240031941307
exp,0.9977793310044598,0.0005402291120814763
