,mean R2,std
log,0.9933092620933185,0.00097705984206896
inv,0.8790906586638433,0.024327546129803698
exp,0.9998062087711239,5.276103949716326e-05
