,mean R2,std
log,0.585560365118801,0.0817847501519898
inv,0.10148656827430055,0.07718157722504322
exp,0.9807019943673597,0.004986075260026994
