,mean R2,std
log,0.8537248744683186,0.03132148034032711
inv,0.22945509887439475,0.10331051318427151
exp,0.9951351167865274,0.00116293890315488
